name,gender,locale
john,m,en
johnny,m,en
jack,m,en
liam,m,en
noah,m,en
michael,m,en
benjamin,m,en
james,m,en
joseph,m,en
charles,m,en
matthew,m,en
andrew,m,en
lucas,m,en
daniel,m,en
henry,m,en
alex,u,en
sam,u,en
sasha,u,en
william,m,en
oliver,m,en
emma,f,en
olivia,f,en
ava,f,en
sophia,f,en
isabella,f,en
amelia,f,en
mia,f,en
charlotte,f,en
abigail,f,en
emily,f,en
hannah,f,en
elizabeth,f,en
katherine,f,en
lilly,f,en
kate,f,en
abby,f,en
sarah,f,en
beth,f,en
liza,f,en
sandra,f,en
dylan,u,en

jonas,m,de
leon,m,de
paul,m,de
luca,m,de
maximilian,m,de
finn,m,de
felix,m,de
tim,m,de
sascha,u,de
toni,u,de
anna,f,de
sophie,f,de
maria,f,de
mia,f,de
lena,f,de
hannah,f,de
lilli,f,de
antonia,f,de
klara,f,de
elisabeth,f,de
johanna,f,de
franziska,f,de
